{"cameraMode":{"drawMode":0,"name":"Shaded","section":"Shading Mode"},"sceneLighting":true,"audioPlay":false,"sceneViewState":{"m_AlwaysRefresh":false,"showFog":true,"showSkybox":true,"showFlares":true,"showImageEffects":true,"showParticleSystems":true,"showVisualEffectGraphs":true,"m_FxEnabled":true},"in2DMode":false,"pivot":{"x":-4.112281799316406,"y":1.1706790924072266,"z":17.52881622314453},"rotation":{"x":0.08877831697463989,"y":0.11111273616552353,"z":0.03245064616203308,"w":0.9893097877502441},"size":78.15062713623047,"orthographic":false}